cluster_id,best_model,model,MAE,RMSE,MAPE,R2
11-20__0-5k,random_forest,random_forest,71.71893957497507,89.18820172473012,1.813571662494778,0.2979931676114699
3-5__0-5k,seasonal_naive,seasonal_naive,612.3974358974358,741.9646318776016,8.214481207112732,-0.07372126723512462
6-10__0-5k,random_forest,random_forest,482.9126074735444,568.3699499561609,8.87134632019557,0.3551905837360907
